{
	"class_name" : "PinholeCameraParameters",
	"extrinsic" : 
	[
		0.4827902110887633,
		0.21008208209121362,
		-0.85016417876848238,
		0.0,
		-0.12737311686764421,
		-0.94363084751756576,
		-0.30551090440883139,
		0.0,
		-0.86642351144015517,
		0.25578573532842136,
		-0.42881692646887209,
		0.0,
		0.024017301609294696,
		0.02245486241460275,
		0.078143072165416771,
		1.0
	],
	"intrinsic" : 
	{
		"height" : 720,
		"intrinsic_matrix" : 
		[
			623.53829072479584,
			0.0,
			0.0,
			0.0,
			623.53829072479584,
			0.0,
			479.5,
			359.5,
			1.0
		],
		"width" : 960
	},
	"version_major" : 1,
	"version_minor" : 0
}