{"image_size": [1920, 1080], "K": [[538.4355075306469, 0.0, 967.5232598243373], [0.0, 537.8552008367859, 574.4634589110057], [0.0, 0.0, 1.0]], "D": [[-0.035780122496790884], [-0.01274413040608824], [0.0062574374444402305], [-0.0017866165143655373]], "rms": 0.7021272659396725}